-- ====================
-- ROLES DEL SISTEMA
-- ====================
INSERT INTO "roles" VALUES 
('550e8400-e29b-41d4-a716-446655440001','admin','Administrador','Acceso total al sistema',1,'2026-03-04 16:10:22'),
('550e8400-e29b-41d4-a716-446655440002','manager','Gerente','Gestión de inventario, ventas y reportes',1,'2026-03-04 16:10:22'),
('550e8400-e29b-41d4-a716-446655440003','cashier','Cajero','Registro de ventas y operaciones de caja',1,'2026-03-04 16:10:22');

-- =====================================
-- LISTADO DE PERMISOS POR MÓDULOS
-- =====================================
-- MÓDULO: VENTAS (Sales)
INSERT INTO "permissions" VALUES 
('650e8400-e29b-41d4-a716-446655440005','sales:create','Crear Venta','Permite registrar ventas','sales',1,'2026-03-04 16:10:22',5),
('650e8400-e29b-41d4-a716-446655440006','sales:cancel','Cancelar Venta','Permite anular ventas','sales',1,'2026-03-04 16:10:22',5),
('650e8400-e29b-41d4-a716-446655440007','sales:discount','Aplicar Descuento','Permite aplicar descuentos','sales',1,'2026-03-04 16:10:22',5),
('650e8400-e29b-41d4-a716-446655440099','sales:wholesale','Aplicar Mayoreo','Permite aplicar precios de mayoreo en ventas','sales',1,'2026-03-04 16:10:22',5),
('650e8400-e29b-41d4-a716-446655440008','sales:view','Ver Ventas','Permite consultar el dashboard de ventas','sales',1,'2026-03-04 16:10:22',5);

-- MÓDULO: CAJA (Cash Register)
INSERT INTO "permissions" VALUES 
('650e8400-e29b-41d4-a716-446655440009','cash_register:open','Abrir Caja','Permite abrir turno de caja','cash_register',1,'2026-03-04 16:10:22',5),
('650e8400-e29b-41d4-a716-446655440010','cash_register:close','Cerrar Caja','Permite cerrar turno de caja','cash_register',1,'2026-03-04 16:10:22',5),
('650e8400-e29b-41d4-a716-446655440011','cash_register:view','Ver Caja','Permite consultar movimientos de caja','cash_register',1,'2026-03-04 16:10:22',5),
('650e8400-e29b-41d4-a716-446655440020','cash_register:movements:in','Registrar Entradas','Permite registrar entradas de efectivo','cash_register',1,'2026-03-04 16:10:23',0),
('650e8400-e29b-41d4-a716-446655440021','cash_register:movements:out','Registrar Salidas','Permite registrar salidas de efectivo','cash_register',1,'2026-03-04 16:10:23',0);

-- MÓDULO: REPORTES Y DASHBOARD
INSERT INTO "permissions" VALUES 
('650e8400-e29b-41d4-a716-446655440012','reports:view','Ver Reportes','Permite generar y consultar reportes','reports',1,'2026-03-04 16:10:22',5),
('650e8400-e29b-41d4-a716-446655440013','reports:export','Exportar Reportes','Permite exportar reportes','reports',1,'2026-03-04 16:10:22',5),
('650e8400-e29b-41d4-a716-446655440124','history:view','Ver Historial','Permite ver el historial','dashboard',1,'2026-03-04 16:10:22',1),
('650e8400-e29b-41d4-a716-446655440125','history:devolution','Devolver productos','Permite devolver productos','dashboard',1,'2026-03-04 16:10:22',2),
('650e8400-e29b-41d4-a716-446655440126','history:cancel','Cancelar ventas','Permite cancelar ventas','dashboard',1,'2026-03-04 16:10:22',3);

-- MÓDULO: INVENTARIO (Catálogo General)
INSERT INTO "permissions" VALUES 
('650e8400-e29b-41d4-a716-446655440101','inventory:view','Ver Inventario','Acceso al dashboard general de inventario','inventory',1,'2026-03-04 16:10:22',0),
('650e8400-e29b-41d4-a716-446655440102','products:view','Ver Productos','Ver lista y detalles de productos','inventory',1,'2026-03-04 16:10:22',0),
('650e8400-e29b-41d4-a716-446655440103','products:create','Crear Productos','Crear nuevos productos','inventory',1,'2026-03-04 16:10:22',0),
('650e8400-e29b-41d4-a716-446655440104','products:edit','Editar Productos','Modificar datos de productos','inventory',1,'2026-03-04 16:10:22',0),
('650e8400-e29b-41d4-a716-446655440105','products:delete','Eliminar Productos','Eliminar o desactivar productos','inventory',1,'2026-03-04 16:10:22',0),
('650e8400-e29b-41d4-a716-446655440106','products:purchase_price','Ver Costo Compra','Permite ver y editar el costo de compra','inventory',1,'2026-03-04 16:10:22',5),
('650e8400-e29b-41d4-a716-446655440107','categories:view','Ver Categorias','Permite ver las categorias','inventory',1,'2026-03-04 16:10:22',1),
('650e8400-e29b-41d4-a716-446655440108','categories:create','Crear Categorias','Permite crear categorias','inventory',1,'2026-03-04 16:10:22',2),
('650e8400-e29b-41d4-a716-446655440109','categories:edit','Editar Categorias','Permite editar categorias','inventory',1,'2026-03-04 16:10:22',3),
('650e8400-e29b-41d4-a716-446655440110','categories:delete','Eliminar Categorias','Permite eliminar categorias','inventory',1,'2026-03-04 16:10:22',4);

-- MÓDULO: MOVIMIENTOS DE INVENTARIO
INSERT INTO "permissions" VALUES 
('650e8400-e29b-41d4-a716-446655440113','inventory_movements:view','Ver Kardex','Permite visualizar el historial de movimientos','inventory_movements',1,'2026-03-04 16:10:23',1),
('650e8400-e29b-41d4-a716-446655440114','inventory_movements:create','Crear Ajuste Manual','Permite crear movimientos','inventory_movements',1,'2026-03-04 16:10:23',2),
('650e8400-e29b-41d4-a716-446655440115','inventory_movements:entry','Registrar Entrada Rápida','Permite registrar entradas','inventory_movements',1,'2026-03-04 16:10:23',3);

-- MÓDULO: KITS Y PROMOCIONES
INSERT INTO "permissions" VALUES 
('650e8400-e29b-41d4-a716-446655440116','kits:view','Ver Kits','Permite visualizar el listado de kits','kits',1,'2026-03-04 16:10:23',1),
('650e8400-e29b-41d4-a716-446655440117','kits:create','Crear Kits','Permite registrar nuevas reglas de kits','kits',1,'2026-03-04 16:10:23',2),
('650e8400-e29b-41d4-a716-446655440118','kits:edit','Editar Kits','Permite modificar kits existentes','kits',1,'2026-03-04 16:10:23',3),
('650e8400-e29b-41d4-a716-446655440119','kits:delete','Eliminar Kits','Permite desactivar o eliminar kits','kits',1,'2026-03-04 16:10:23',4),
('650e8400-e29b-41d4-a716-446655440120','promotions:view','Ver Promociones','Permite visualizar el listado de promociones','promotions',1,'2026-03-04 16:10:23',1),
('650e8400-e29b-41d4-a716-446655440121','promotions:create','Crear Promociones','Permite registrar nuevas promociones','promotions',1,'2026-03-04 16:10:23',2),
('650e8400-e29b-41d4-a716-446655440122','promotions:edit','Editar Promociones','Permite modificar promociones existentes','promotions',1,'2026-03-04 16:10:23',3),
('650e8400-e29b-41d4-a716-446655440123','promotions:delete','Eliminar Promociones','Permite desactivar o eliminar promociones','promotions',1,'2026-03-04 16:10:23',4);

-- MÓDULO: CLIENTES
INSERT INTO "permissions" VALUES 
('960e8400-e29b-41d4-a716-446655440001','customers:view','Ver Clientes','Permite consultar la lista de clientes','customers',1,'2026-03-04 16:10:22',5),
('960e8400-e29b-41d4-a716-446655440002','customers:create','Crear Cliente','Permite registrar nuevos clientes','customers',1,'2026-03-04 16:10:22',5),
('960e8400-e29b-41d4-a716-446655440003','customers:edit','Editar Cliente','Permite modificar datos de clientes','customers',1,'2026-03-04 16:10:22',5),
('960e8400-e29b-41d4-a716-446655440004','customers:delete','Eliminar Cliente','Permite eliminar clientes','customers',1,'2026-03-04 16:10:22',5);

-- MÓDULO: USUARIOS Y PERFIL
INSERT INTO "permissions" VALUES 
('650e8400-e29b-41d4-a716-446655440014','users:create','Crear Usuario','Permite registrar nuevos usuarios','users',1,'2026-03-04 16:10:22',5),
('650e8400-e29b-41d4-a716-446655440015','users:edit','Editar Usuario','Permite modificar usuarios','users',1,'2026-03-04 16:10:22',5),
('650e8400-e29b-41d4-a716-446655440016','users:delete','Eliminar Usuario','Permite desactivar usuarios','users',1,'2026-03-04 16:10:22',5),
('650e8400-e29b-41d4-a716-446655440017','users:view','Ver Usuarios','Permite listar usuarios','users',1,'2026-03-04 16:10:22',5),
('960e8400-e29b-41d4-a716-446655440011','permissions:view','Ver Permisos','Permite consultar la lista de permisos','permissions',1,'2026-03-04 16:10:22',5),
('960e8400-e29b-41d4-a716-446655440012','permissions:edit','Editar Permisos','Permite modificar asignación de permisos','permissions',1,'2026-03-04 16:10:22',5),
('650e8400-e29b-41d4-a716-446655440018','profile:view','Ver Perfil','Permite ver y editar el perfil del propio usuario.','profile',1,'2026-03-04 16:10:22',5);

-- MÓDULO: CONFIGURACIÓN GENERAL Y HARDWARE
INSERT INTO "permissions" VALUES 
('650e8400-e29b-41d4-a716-446655440019','settings:view','Ver Configuración','Permite acceder a la configuración general.','settings',1,'2026-03-04 16:10:22',5),
('650e8400-e29b-41d4-a716-446655440127','hardware_settings:view','Ver Hardware','Permite visualizar el listado de hardware','hardware',1,'2026-03-04 16:10:23',1),
('650e8400-e29b-41d4-a716-446655440128','hardware_settings:edit','Crear Hardware','Permite Modificar dispositivos de hardware','hardware',1,'2026-03-04 16:10:23',2),
('650e8400-e29b-41d4-a716-446655440129','business_settings:view','Ver Configuración del Negocio','Visualizar configuración del negocio','business_settings',1,'2026-03-04 16:10:23',1),
('650e8400-e29b-41d4-a716-446655440130','business_settings:edit','Editar Configuración del Negocio','Modificar configuración del negocio','business_settings',1,'2026-03-04 16:10:23',2),
('650e8400-e29b-41d4-a716-446655440131','ticket_settings:view','Ver Configuración de Tickets','Visualizar configuración de tickets','ticket_settings',1,'2026-03-04 16:10:23',1),
('650e8400-e29b-41d4-a716-446655440132','ticket_settings:edit','Editar Configuración de Tickets','Modificar configuración de tickets','ticket_settings',1,'2026-03-04 16:10:23',2),
('650e8400-e29b-41d4-a716-446655440133','ticket_settings:print','Imprimir Tickets de Prueba','Imprimir tickets de prueba','ticket_settings',1,'2026-03-04 16:10:23',3);

-- =======================================
-- ASIGNACIÓN MATRIZ (ROLE_PERMISSIONS)
-- =======================================
-- PERMISO NUEVO DE MAYOREO ASIGNADO AL ADMIN:
INSERT INTO "role_permissions" VALUES ('750e8400-e29b-41d4-a716-446655440099','550e8400-e29b-41d4-a716-446655440001','650e8400-e29b-41d4-a716-446655440099','2026-03-04 16:10:22');

-- RESTO DE PERMISOS EXISTENTES 
INSERT INTO "role_permissions" VALUES 
('ab5777fec65f948b0b3516ea7608da1e','550e8400-e29b-41d4-a716-446655440001','650e8400-e29b-41d4-a716-446655440005','2026-03-04 16:10:22'),
('08fac78b07cee49be5a72068a064f536','550e8400-e29b-41d4-a716-446655440001','650e8400-e29b-41d4-a716-446655440006','2026-03-04 16:10:22'),
('71abf562434a526f7648e1f5336da8e2','550e8400-e29b-41d4-a716-446655440001','650e8400-e29b-41d4-a716-446655440007','2026-03-04 16:10:22'),
('da9a1fe92f7540945f43dc20288f156c','550e8400-e29b-41d4-a716-446655440001','650e8400-e29b-41d4-a716-446655440008','2026-03-04 16:10:22'),
('53de4ba9afb4c49f21b68b59c6f4438b','550e8400-e29b-41d4-a716-446655440001','650e8400-e29b-41d4-a716-446655440009','2026-03-04 16:10:22'),
('96d323a989ea3aa0abab993fe1797df7','550e8400-e29b-41d4-a716-446655440001','650e8400-e29b-41d4-a716-446655440010','2026-03-04 16:10:22'),
('1dc6b86b05b5b8d4649d52a4811dc81b','550e8400-e29b-41d4-a716-446655440001','650e8400-e29b-41d4-a716-446655440011','2026-03-04 16:10:22'),
('56d7e9a2d0d7ce37218cd228a0b307ee','550e8400-e29b-41d4-a716-446655440001','650e8400-e29b-41d4-a716-446655440012','2026-03-04 16:10:22'),
('676abdce9341995239577f5c53a9d46d','550e8400-e29b-41d4-a716-446655440001','650e8400-e29b-41d4-a716-446655440013','2026-03-04 16:10:22'),
('088091d000a5ec81bbcdafc8d4392fb1','550e8400-e29b-41d4-a716-446655440001','650e8400-e29b-41d4-a716-446655440014','2026-03-04 16:10:22'),
('ae485ee26cf6b90b526f2ac6bd45a53b','550e8400-e29b-41d4-a716-446655440001','650e8400-e29b-41d4-a716-446655440015','2026-03-04 16:10:22'),
('d9f0c170c3030dd488865544d325edf8','550e8400-e29b-41d4-a716-446655440001','650e8400-e29b-41d4-a716-446655440016','2026-03-04 16:10:22'),
('bba3872704d2ee09ae5c0cd548589a61','550e8400-e29b-41d4-a716-446655440001','650e8400-e29b-41d4-a716-446655440017','2026-03-04 16:10:22'),
('750e8400-e29b-41d4-a716-446655440005','550e8400-e29b-41d4-a716-446655440002','650e8400-e29b-41d4-a716-446655440005','2026-03-04 16:10:22'),
('750e8400-e29b-41d4-a716-446655440007','550e8400-e29b-41d4-a716-446655440002','650e8400-e29b-41d4-a716-446655440007','2026-03-04 16:10:22'),
('750e8400-e29b-41d4-a716-446655440008','550e8400-e29b-41d4-a716-446655440002','650e8400-e29b-41d4-a716-446655440008','2026-03-04 16:10:22'),
('750e8400-e29b-41d4-a716-446655440009','550e8400-e29b-41d4-a716-446655440002','650e8400-e29b-41d4-a716-446655440009','2026-03-04 16:10:22'),
('750e8400-e29b-41d4-a716-446655440010','550e8400-e29b-41d4-a716-446655440002','650e8400-e29b-41d4-a716-446655440010','2026-03-04 16:10:22'),
('750e8400-e29b-41d4-a716-446655440011','550e8400-e29b-41d4-a716-446655440002','650e8400-e29b-41d4-a716-446655440011','2026-03-04 16:10:22'),
('750e8400-e29b-41d4-a716-446655440012','550e8400-e29b-41d4-a716-446655440002','650e8400-e29b-41d4-a716-446655440012','2026-03-04 16:10:22'),
('750e8400-e29b-41d4-a716-446655440013','550e8400-e29b-41d4-a716-446655440002','650e8400-e29b-41d4-a716-446655440013','2026-03-04 16:10:22'),
('850e8400-e29b-41d4-a716-446655440002','550e8400-e29b-41d4-a716-446655440003','650e8400-e29b-41d4-a716-446655440005','2026-03-04 16:10:22'),
('850e8400-e29b-41d4-a716-446655440003','550e8400-e29b-41d4-a716-446655440003','650e8400-e29b-41d4-a716-446655440008','2026-03-04 16:10:22'),
('850e8400-e29b-41d4-a716-446655440004','550e8400-e29b-41d4-a716-446655440003','650e8400-e29b-41d4-a716-446655440009','2026-03-04 16:10:22'),
('850e8400-e29b-41d4-a716-446655440005','550e8400-e29b-41d4-a716-446655440003','650e8400-e29b-41d4-a716-446655440010','2026-03-04 16:10:22'),
('850e8400-e29b-41d4-a716-446655440006','550e8400-e29b-41d4-a716-446655440003','650e8400-e29b-41d4-a716-446655440011','2026-03-04 16:10:22'),
('770e8400-e29b-41d4-a716-446655440001','550e8400-e29b-41d4-a716-446655440001','650e8400-e29b-41d4-a716-446655440018','2026-03-04 16:10:22'),
('770e8400-e29b-41d4-a716-446655440002','550e8400-e29b-41d4-a716-446655440001','650e8400-e29b-41d4-a716-446655440019','2026-03-04 16:10:22'),
('770e8400-e29b-41d4-a716-446655440003','550e8400-e29b-41d4-a716-446655440002','650e8400-e29b-41d4-a716-446655440018','2026-03-04 16:10:22'),
('770e8400-e29b-41d4-a716-446655440004','550e8400-e29b-41d4-a716-446655440002','650e8400-e29b-41d4-a716-446655440019','2026-03-04 16:10:22'),
('770e8400-e29b-41d4-a716-446655440005','550e8400-e29b-41d4-a716-446655440003','650e8400-e29b-41d4-a716-446655440018','2026-03-04 16:10:22'),
('770e8400-e29b-41d4-a716-446655440006','550e8400-e29b-41d4-a716-446655440003','650e8400-e29b-41d4-a716-446655440019','2026-03-04 16:10:22'),
('a60e8400-e29b-41d4-a716-446655440001','550e8400-e29b-41d4-a716-446655440001','960e8400-e29b-41d4-a716-446655440001','2026-03-04 16:10:22'),
('a60e8400-e29b-41d4-a716-446655440002','550e8400-e29b-41d4-a716-446655440001','960e8400-e29b-41d4-a716-446655440002','2026-03-04 16:10:22'),
('a60e8400-e29b-41d4-a716-446655440003','550e8400-e29b-41d4-a716-446655440001','960e8400-e29b-41d4-a716-446655440003','2026-03-04 16:10:22'),
('a60e8400-e29b-41d4-a716-446655440004','550e8400-e29b-41d4-a716-446655440001','960e8400-e29b-41d4-a716-446655440004','2026-03-04 16:10:22'),
('a60e8400-e29b-41d4-a716-446655440011','550e8400-e29b-41d4-a716-446655440001','960e8400-e29b-41d4-a716-446655440011','2026-03-04 16:10:22'),
('a60e8400-e29b-41d4-a716-446655440012','550e8400-e29b-41d4-a716-446655440001','960e8400-e29b-41d4-a716-446655440012','2026-03-04 16:10:22'),
('750e8400-e29b-41d4-a716-446655440101','550e8400-e29b-41d4-a716-446655440001','650e8400-e29b-41d4-a716-446655440101','2026-03-04 16:10:22'),
('750e8400-e29b-41d4-a716-446655440102','550e8400-e29b-41d4-a716-446655440001','650e8400-e29b-41d4-a716-446655440102','2026-03-04 16:10:22'),
('750e8400-e29b-41d4-a716-446655440103','550e8400-e29b-41d4-a716-446655440001','650e8400-e29b-41d4-a716-446655440103','2026-03-04 16:10:22'),
('750e8400-e29b-41d4-a716-446655440104','550e8400-e29b-41d4-a716-446655440001','650e8400-e29b-41d4-a716-446655440104','2026-03-04 16:10:22'),
('750e8400-e29b-41d4-a716-446655440105','550e8400-e29b-41d4-a716-446655440001','650e8400-e29b-41d4-a716-446655440105','2026-03-04 16:10:22'),
('750e8400-e29b-41d4-a716-446655440106','550e8400-e29b-41d4-a716-446655440001','650e8400-e29b-41d4-a716-446655440106','2026-03-04 16:10:22'),
('750e8400-e29b-41d4-a716-446655440107','550e8400-e29b-41d4-a716-446655440001','650e8400-e29b-41d4-a716-446655440107','2026-03-04 16:10:22'),
('750e8400-e29b-41d4-a716-446655440108','550e8400-e29b-41d4-a716-446655440001','650e8400-e29b-41d4-a716-446655440108','2026-03-04 16:10:22'),
('750e8400-e29b-41d4-a716-446655440109','550e8400-e29b-41d4-a716-446655440001','650e8400-e29b-41d4-a716-446655440109','2026-03-04 16:10:22'),
('750e8400-e29b-41d4-a716-446655440110','550e8400-e29b-41d4-a716-446655440001','650e8400-e29b-41d4-a716-446655440110','2026-03-04 16:10:22'),
('750e8400-e29b-41d4-a716-446655440126','550e8400-e29b-41d4-a716-446655440001','650e8400-e29b-41d4-a716-446655440126','2026-03-04 16:10:22'),
('750e8400-e29b-41d4-a716-446655440125','550e8400-e29b-41d4-a716-446655440001','650e8400-e29b-41d4-a716-446655440125','2026-03-04 16:10:22'),
('750e8400-e29b-41d4-a716-446655440124','550e8400-e29b-41d4-a716-446655440001','650e8400-e29b-41d4-a716-446655440124','2026-03-04 16:10:22'),
('750e8400-e29b-41d4-a716-446655440117','550e8400-e29b-41d4-a716-446655440001','650e8400-e29b-41d4-a716-446655440117','2026-03-04 16:10:23'),
('750e8400-e29b-41d4-a716-446655440119','550e8400-e29b-41d4-a716-446655440001','650e8400-e29b-41d4-a716-446655440119','2026-03-04 16:10:23'),
('750e8400-e29b-41d4-a716-446655440118','550e8400-e29b-41d4-a716-446655440001','650e8400-e29b-41d4-a716-446655440118','2026-03-04 16:10:23'),
('750e8400-e29b-41d4-a716-446655440116','550e8400-e29b-41d4-a716-446655440001','650e8400-e29b-41d4-a716-446655440116','2026-03-04 16:10:23'),
('770e8400-e29b-41d4-a716-446655440050','550e8400-e29b-41d4-a716-446655440001','650e8400-e29b-41d4-a716-446655440020','2026-03-04 16:10:23'),
('770e8400-e29b-41d4-a716-446655440051','550e8400-e29b-41d4-a716-446655440001','650e8400-e29b-41d4-a716-446655440021','2026-03-04 16:10:23'),
('770e8400-e29b-41d4-a716-446655440052','550e8400-e29b-41d4-a716-446655440002','650e8400-e29b-41d4-a716-446655440020','2026-03-04 16:10:23'),
('770e8400-e29b-41d4-a716-446655440053','550e8400-e29b-41d4-a716-446655440002','650e8400-e29b-41d4-a716-446655440021','2026-03-04 16:10:23'),
('770e8400-e29b-41d4-a716-446655440054','550e8400-e29b-41d4-a716-446655440003','650e8400-e29b-41d4-a716-446655440020','2026-03-04 16:10:23'),
('770e8400-e29b-41d4-a716-446655440055','550e8400-e29b-41d4-a716-446655440003','650e8400-e29b-41d4-a716-446655440021','2026-03-04 16:10:23'),
('750e8400-e29b-41d4-a716-446655440130','550e8400-e29b-41d4-a716-446655440001','650e8400-e29b-41d4-a716-446655440130','2026-03-04 16:10:23'),
('750e8400-e29b-41d4-a716-446655440129','550e8400-e29b-41d4-a716-446655440001','650e8400-e29b-41d4-a716-446655440129','2026-03-04 16:10:23'),
('750e8400-e29b-41d4-a716-446655440128','550e8400-e29b-41d4-a716-446655440001','650e8400-e29b-41d4-a716-446655440128','2026-03-04 16:10:23'),
('750e8400-e29b-41d4-a716-446655440127','550e8400-e29b-41d4-a716-446655440001','650e8400-e29b-41d4-a716-446655440127','2026-03-04 16:10:23'),
('750e8400-e29b-41d4-a716-446655440132','550e8400-e29b-41d4-a716-446655440001','650e8400-e29b-41d4-a716-446655440132','2026-03-04 16:10:23'),
('750e8400-e29b-41d4-a716-446655440133','550e8400-e29b-41d4-a716-446655440001','650e8400-e29b-41d4-a716-446655440133','2026-03-04 16:10:23'),
('750e8400-e29b-41d4-a716-446655440131','550e8400-e29b-41d4-a716-446655440001','650e8400-e29b-41d4-a716-446655440131','2026-03-04 16:10:23'),
('750e8400-e29b-41d4-a716-446655440121','550e8400-e29b-41d4-a716-446655440001','650e8400-e29b-41d4-a716-446655440121','2026-03-04 16:10:23'),
('750e8400-e29b-41d4-a716-446655440123','550e8400-e29b-41d4-a716-446655440001','650e8400-e29b-41d4-a716-446655440123','2026-03-04 16:10:23'),
('750e8400-e29b-41d4-a716-446655440122','550e8400-e29b-41d4-a716-446655440001','650e8400-e29b-41d4-a716-446655440122','2026-03-04 16:10:23'),
('750e8400-e29b-41d4-a716-446655440120','550e8400-e29b-41d4-a716-446655440001','650e8400-e29b-41d4-a716-446655440120','2026-03-04 16:10:23'),
('750e8400-e29b-41d4-a716-446655440114','550e8400-e29b-41d4-a716-446655440001','650e8400-e29b-41d4-a716-446655440114','2026-03-04 16:10:23'),
('750e8400-e29b-41d4-a716-446655440115','550e8400-e29b-41d4-a716-446655440001','650e8400-e29b-41d4-a716-446655440115','2026-03-04 16:10:23'),
('750e8400-e29b-41d4-a716-446655440113','550e8400-e29b-41d4-a716-446655440001','650e8400-e29b-41d4-a716-446655440113','2026-03-04 16:10:23'),
('af4695f7-6cab-4aa4-84d9-7b98a17d6cdd','550e8400-e29b-41d4-a716-446655440002','650e8400-e29b-41d4-a716-446655440124','2026-03-04 18:24:57');
