-- ====================
-- ROLES DEL SISTEMA
-- ====================
INSERT INTO "roles" VALUES 
('550e8400-e29b-41d4-a716-446655440001','admin','Administrador','Acceso total al sistema',1,'2026-03-04 16:10:22'),
('550e8400-e29b-41d4-a716-446655440002','manager','Gerente','Gestión de inventario, ventas y reportes',1,'2026-03-04 16:10:22'),
('550e8400-e29b-41d4-a716-446655440003','cashier','Cajero','Registro de ventas y operaciones de caja',1,'2026-03-04 16:10:22');

-- =====================================
-- LISTADO DE PERMISOS POR MÓDULOS
-- =====================================
-- MÓDULO: VENTAS (Sales)
INSERT INTO "permissions" VALUES 
('650e8400-e29b-41d4-a716-446655440005','sales:create','Crear Venta','Permite registrar ventas','sales',1,'2026-03-04 16:10:22',5),
('650e8400-e29b-41d4-a716-446655440006','sales:cancel','Cancelar Venta','Permite anular ventas','sales',1,'2026-03-04 16:10:22',5),
('650e8400-e29b-41d4-a716-446655440007','sales:discount','Aplicar Descuento','Permite aplicar descuentos','sales',1,'2026-03-04 16:10:22',5),
('650e8400-e29b-41d4-a716-446655440099','sales:wholesale','Aplicar Mayoreo','Permite aplicar precios de mayoreo en ventas','sales',1,'2026-03-04 16:10:22',5),
('650e8400-e29b-41d4-a716-446655440008','sales:view','Ver Ventas','Permite consultar el dashboard de ventas','sales',1,'2026-03-04 16:10:22',5);

-- MÓDULO: CAJA (Cash Register)
INSERT INTO "permissions" VALUES 
('650e8400-e29b-41d4-a716-446655440009','cash_register:open','Abrir Caja','Permite abrir turno de caja','cash_register',1,'2026-03-04 16:10:22',5),
('650e8400-e29b-41d4-a716-446655440010','cash_register:close','Cerrar Caja','Permite cerrar turno de caja','cash_register',1,'2026-03-04 16:10:22',5),
('650e8400-e29b-41d4-a716-446655440011','cash_register:view','Ver Caja','Permite consultar movimientos de caja','cash_register',1,'2026-03-04 16:10:22',5),
('650e8400-e29b-41d4-a716-446655440020','cash_register:movements:in','Registrar Entradas','Permite registrar entradas de efectivo','cash_register',1,'2026-03-04 16:10:23',0),
('650e8400-e29b-41d4-a716-446655440021','cash_register:movements:out','Registrar Salidas','Permite registrar salidas de efectivo','cash_register',1,'2026-03-04 16:10:23',0);

-- MÓDULO: REPORTES Y DASHBOARD
INSERT INTO "permissions" VALUES 
('650e8400-e29b-41d4-a716-446655440012','reports:view','Ver Reportes','Permite generar y consultar reportes','reports',1,'2026-03-04 16:10:22',5),
('650e8400-e29b-41d4-a716-446655440013','reports:export','Exportar Reportes','Permite exportar reportes','reports',1,'2026-03-04 16:10:22',5),
('650e8400-e29b-41d4-a716-446655440124','history:view','Ver Historial','Permite ver el historial','dashboard',1,'2026-03-04 16:10:22',1),
('650e8400-e29b-41d4-a716-446655440125','history:devolution','Devolver productos','Permite devolver productos','dashboard',1,'2026-03-04 16:10:22',2),
('650e8400-e29b-41d4-a716-446655440126','history:cancel','Cancelar ventas','Permite cancelar ventas','dashboard',1,'2026-03-04 16:10:22',3);

-- MÓDULO: INVENTARIO (Catálogo General)
INSERT INTO "permissions" VALUES 
('650e8400-e29b-41d4-a716-446655440101','inventory:view','Ver Inventario','Acceso al dashboard general de inventario','inventory',1,'2026-03-04 16:10:22',0),
('650e8400-e29b-41d4-a716-446655440102','products:view','Ver Productos','Ver lista y detalles de productos','inventory',1,'2026-03-04 16:10:22',0),
('650e8400-e29b-41d4-a716-446655440103','products:create','Crear Productos','Crear nuevos productos','inventory',1,'2026-03-04 16:10:22',0),
('650e8400-e29b-41d4-a716-446655440104','products:edit','Editar Productos','Modificar datos de productos','inventory',1,'2026-03-04 16:10:22',0),
('650e8400-e29b-41d4-a716-446655440105','products:delete','Eliminar Productos','Eliminar o desactivar productos','inventory',1,'2026-03-04 16:10:22',0),
('650e8400-e29b-41d4-a716-446655440106','products:purchase_price','Ver Costo Compra','Permite ver y editar el costo de compra','inventory',1,'2026-03-04 16:10:22',5),
('650e8400-e29b-41d4-a716-446655440107','categories:view','Ver Categorias','Permite ver las categorias','inventory',1,'2026-03-04 16:10:22',1),
('650e8400-e29b-41d4-a716-446655440108','categories:create','Crear Categorias','Permite crear categorias','inventory',1,'2026-03-04 16:10:22',2),
('650e8400-e29b-41d4-a716-446655440109','categories:edit','Editar Categorias','Permite editar categorias','inventory',1,'2026-03-04 16:10:22',3),
('650e8400-e29b-41d4-a716-446655440110','categories:delete','Eliminar Categorias','Permite eliminar categorias','inventory',1,'2026-03-04 16:10:22',4);

-- MÓDULO: MOVIMIENTOS DE INVENTARIO
INSERT INTO "permissions" VALUES 
('650e8400-e29b-41d4-a716-446655440113','inventory_movements:view','Ver Kardex','Permite visualizar el historial de movimientos','inventory_movements',1,'2026-03-04 16:10:23',1),
('650e8400-e29b-41d4-a716-446655440114','inventory_movements:create','Crear Ajuste Manual','Permite crear movimientos','inventory_movements',1,'2026-03-04 16:10:23',2),
('650e8400-e29b-41d4-a716-446655440115','inventory_movements:entry','Registrar Entrada Rápida','Permite registrar entradas','inventory_movements',1,'2026-03-04 16:10:23',3);

-- MÓDULO: KITS Y PROMOCIONES
INSERT INTO "permissions" VALUES 
('650e8400-e29b-41d4-a716-446655440116','kits:view','Ver Kits','Permite visualizar el listado de kits','kits',1,'2026-03-04 16:10:23',1),
('650e8400-e29b-41d4-a716-446655440117','kits:create','Crear Kits','Permite registrar nuevas reglas de kits','kits',1,'2026-03-04 16:10:23',2),
('650e8400-e29b-41d4-a716-446655440118','kits:edit','Editar Kits','Permite modificar kits existentes','kits',1,'2026-03-04 16:10:23',3),
('650e8400-e29b-41d4-a716-446655440119','kits:delete','Eliminar Kits','Permite desactivar o eliminar kits','kits',1,'2026-03-04 16:10:23',4),
('650e8400-e29b-41d4-a716-446655440120','promotions:view','Ver Promociones','Permite visualizar el listado de promociones','promotions',1,'2026-03-04 16:10:23',1),
('650e8400-e29b-41d4-a716-446655440121','promotions:create','Crear Promociones','Permite registrar nuevas promociones','promotions',1,'2026-03-04 16:10:23',2),
('650e8400-e29b-41d4-a716-446655440122','promotions:edit','Editar Promociones','Permite modificar promociones existentes','promotions',1,'2026-03-04 16:10:23',3),
('650e8400-e29b-41d4-a716-446655440123','promotions:delete','Eliminar Promociones','Permite desactivar o eliminar promociones','promotions',1,'2026-03-04 16:10:23',4);

-- MÓDULO: CLIENTES
INSERT INTO "permissions" VALUES 
('960e8400-e29b-41d4-a716-446655440001','customers:view','Ver Clientes','Permite consultar la lista de clientes','customers',1,'2026-03-04 16:10:22',1),
('960e8400-e29b-41d4-a716-446655440002','customers:create','Crear Cliente','Permite registrar nuevos clientes','customers',1,'2026-03-04 16:10:22',2),
('960e8400-e29b-41d4-a716-446655440003','customers:edit','Editar Cliente','Permite modificar datos de clientes','customers',1,'2026-03-04 16:10:22',3),
('960e8400-e29b-41d4-a716-446655440004','customers:delete','Eliminar Cliente','Permite eliminar clientes','customers',1,'2026-03-04 16:10:22',4);

-- MÓDULO: USUARIOS Y PERFIL
INSERT INTO "permissions" VALUES 
('650e8400-e29b-41d4-a716-446655440014','users:create','Crear Usuario','Permite registrar nuevos usuarios','users',1,'2026-03-04 16:10:22',2),
('650e8400-e29b-41d4-a716-446655440015','users:edit','Editar Usuario','Permite modificar usuarios','users',1,'2026-03-04 16:10:22',3),
('650e8400-e29b-41d4-a716-446655440016','users:delete','Eliminar Usuario','Permite desactivar usuarios','users',1,'2026-03-04 16:10:22',4),
('650e8400-e29b-41d4-a716-446655440017','users:view','Ver Usuarios','Permite listar usuarios','users',1,'2026-03-04 16:10:22',1),
('960e8400-e29b-41d4-a716-446655440011','permissions:view','Ver Permisos','Permite consultar la lista de permisos','permissions',1,'2026-03-04 16:10:22',1),
('960e8400-e29b-41d4-a716-446655440012','permissions:edit','Editar Permisos','Permite modificar asignación de permisos','permissions',1,'2026-03-04 16:10:22',2),
('960e8400-e29b-41d4-a716-446655440013','permissions:reset_defaults','Restablecer Permisos','Permite restablecer permisos a valores de fábrica','permissions',1,'2026-03-04 16:10:22',3),
('650e8400-e29b-41d4-a716-446655440018','profile:view','Ver Perfil','Permite ver y editar el perfil del propio usuario.','profile',1,'2026-03-04 16:10:22',1);

-- MÓDULO: CONFIGURACIÓN GENERAL Y HARDWARE
INSERT INTO "permissions" VALUES 
('650e8400-e29b-41d4-a716-446655440019','settings:view','Ver Configuración','Permite acceder a la configuración general.','settings',1,'2026-03-04 16:10:22',1),
('650e8400-e29b-41d4-a716-446655440127','hardware_settings:view','Ver Hardware','Permite visualizar el listado de hardware','hardware',1,'2026-03-04 16:10:23',1),
('650e8400-e29b-41d4-a716-446655440128','hardware_settings:edit','Modificar Hardware','Permite Modificar dispositivos de hardware','hardware',1,'2026-03-04 16:10:23',2),
('650e8400-e29b-41d5-a716-446655440128','hardware_settings:upload_backups','Subir Backups','Permite subir backups','hardware',1,'2026-03-04 16:10:23',4),
('650e8400-e29b-41d5-a716-446655440129','hardware_settings:download_backups','Descargar Backups','Permite descargar backups','hardware',1,'2026-03-04 16:10:23',5),
('650e8400-e29b-41d4-a716-446655440129','business_settings:view','Ver Configuración del Negocio','Visualizar configuración del negocio','business_settings',1,'2026-03-04 16:10:23',1),
('650e8400-e29b-41d4-a716-446655440130','business_settings:edit','Editar Configuración del Negocio','Modificar configuración del negocio','business_settings',1,'2026-03-04 16:10:23',2),
('650e8400-e29b-41d4-a716-446655440131','ticket_settings:view','Ver Configuración de Tickets','Visualizar configuración de tickets','ticket_settings',1,'2026-03-04 16:10:23',1),
('650e8400-e29b-41d4-a716-446655440132','ticket_settings:edit','Editar Configuración de Tickets','Modificar configuración de tickets','ticket_settings',1,'2026-03-04 16:10:23',2),
('650e8400-e29b-41d4-a716-446655440133','ticket_settings:print','Imprimir Tickets de Prueba','Imprimir tickets de prueba','ticket_settings',1,'2026-03-04 16:10:23',3);

-- =======================================
-- ASIGNACIÓN MATRIZ (ROLE_PERMISSIONS)
-- =======================================
-- Permisos default para todos los roles

INSERT INTO "role_permissions" VALUES 
('750e8400-e29b-41d4-a716-446655440099','550e8400-e29b-41d4-a716-446655440001','650e8400-e29b-41d4-a716-446655440099','2026-03-04 16:10:22'),
('960e8400-e29b-41d4-a716-446655440013','550e8400-e29b-41d4-a716-446655440001','960e8400-e29b-41d4-a716-446655440013','2026-03-04 16:10:22'),
('ab5777fec65f948b0b3516ea7608da1e','550e8400-e29b-41d4-a716-446655440001','650e8400-e29b-41d4-a716-446655440005','2026-03-04 16:10:22'),
('08fac78b07cee49be5a72068a064f536','550e8400-e29b-41d4-a716-446655440001','650e8400-e29b-41d4-a716-446655440006','2026-03-04 16:10:22'),
('71abf562434a526f7648e1f5336da8e2','550e8400-e29b-41d4-a716-446655440001','650e8400-e29b-41d4-a716-446655440007','2026-03-04 16:10:22'),
('da9a1fe92f7540945f43dc20288f156c','550e8400-e29b-41d4-a716-446655440001','650e8400-e29b-41d4-a716-446655440008','2026-03-04 16:10:22'),
('53de4ba9afb4c49f21b68b59c6f4438b','550e8400-e29b-41d4-a716-446655440001','650e8400-e29b-41d4-a716-446655440009','2026-03-04 16:10:22'),
('96d323a989ea3aa0abab993fe1797df7','550e8400-e29b-41d4-a716-446655440001','650e8400-e29b-41d4-a716-446655440010','2026-03-04 16:10:22'),
('1dc6b86b05b5b8d4649d52a4811dc81b','550e8400-e29b-41d4-a716-446655440001','650e8400-e29b-41d4-a716-446655440011','2026-03-04 16:10:22'),
('56d7e9a2d0d7ce37218cd228a0b307ee','550e8400-e29b-41d4-a716-446655440001','650e8400-e29b-41d4-a716-446655440012','2026-03-04 16:10:22'),
('676abdce9341995239577f5c53a9d46d','550e8400-e29b-41d4-a716-446655440001','650e8400-e29b-41d4-a716-446655440013','2026-03-04 16:10:22'),
('088091d000a5ec81bbcdafc8d4392fb1','550e8400-e29b-41d4-a716-446655440001','650e8400-e29b-41d4-a716-446655440014','2026-03-04 16:10:22'),
('ae485ee26cf6b90b526f2ac6bd45a53b','550e8400-e29b-41d4-a716-446655440001','650e8400-e29b-41d4-a716-446655440015','2026-03-04 16:10:22'),
('d9f0c170c3030dd488865544d325edf8','550e8400-e29b-41d4-a716-446655440001','650e8400-e29b-41d4-a716-446655440016','2026-03-04 16:10:22'),
('bba3872704d2ee09ae5c0cd548589a61','550e8400-e29b-41d4-a716-446655440001','650e8400-e29b-41d4-a716-446655440017','2026-03-04 16:10:22'),
('750e8400-e29b-41d4-a716-446655440005','550e8400-e29b-41d4-a716-446655440002','650e8400-e29b-41d4-a716-446655440005','2026-03-04 16:10:22'),
('750e8400-e29b-41d4-a716-446655440007','550e8400-e29b-41d4-a716-446655440002','650e8400-e29b-41d4-a716-446655440007','2026-03-04 16:10:22'),
('750e8400-e29b-41d4-a716-446655440008','550e8400-e29b-41d4-a716-446655440002','650e8400-e29b-41d4-a716-446655440008','2026-03-04 16:10:22'),
('750e8400-e29b-41d4-a716-446655440009','550e8400-e29b-41d4-a716-446655440002','650e8400-e29b-41d4-a716-446655440009','2026-03-04 16:10:22'),
('750e8400-e29b-41d4-a716-446655440010','550e8400-e29b-41d4-a716-446655440002','650e8400-e29b-41d4-a716-446655440010','2026-03-04 16:10:22'),
('750e8400-e29b-41d4-a716-446655440011','550e8400-e29b-41d4-a716-446655440002','650e8400-e29b-41d4-a716-446655440011','2026-03-04 16:10:22'),
('750e8400-e29b-41d4-a716-446655440012','550e8400-e29b-41d4-a716-446655440002','650e8400-e29b-41d4-a716-446655440012','2026-03-04 16:10:22'),
('750e8400-e29b-41d4-a716-446655440013','550e8400-e29b-41d4-a716-446655440002','650e8400-e29b-41d4-a716-446655440013','2026-03-04 16:10:22'),
('850e8400-e29b-41d4-a716-446655440002','550e8400-e29b-41d4-a716-446655440003','650e8400-e29b-41d4-a716-446655440005','2026-03-04 16:10:22'),
('850e8400-e29b-41d4-a716-446655440003','550e8400-e29b-41d4-a716-446655440003','650e8400-e29b-41d4-a716-446655440008','2026-03-04 16:10:22'),
('850e8400-e29b-41d4-a716-446655440004','550e8400-e29b-41d4-a716-446655440003','650e8400-e29b-41d4-a716-446655440009','2026-03-04 16:10:22'),
('850e8400-e29b-41d4-a716-446655440005','550e8400-e29b-41d4-a716-446655440003','650e8400-e29b-41d4-a716-446655440010','2026-03-04 16:10:22'),
('850e8400-e29b-41d4-a716-446655440006','550e8400-e29b-41d4-a716-446655440003','650e8400-e29b-41d4-a716-446655440011','2026-03-04 16:10:22'),
('770e8400-e29b-41d4-a716-446655440001','550e8400-e29b-41d4-a716-446655440001','650e8400-e29b-41d4-a716-446655440018','2026-03-04 16:10:22'),
('770e8400-e29b-41d4-a716-446655440002','550e8400-e29b-41d4-a716-446655440001','650e8400-e29b-41d4-a716-446655440019','2026-03-04 16:10:22'),
('770e8400-e29b-41d4-a716-446655440003','550e8400-e29b-41d4-a716-446655440002','650e8400-e29b-41d4-a716-446655440018','2026-03-04 16:10:22'),
('770e8400-e29b-41d4-a716-446655440004','550e8400-e29b-41d4-a716-446655440002','650e8400-e29b-41d4-a716-446655440019','2026-03-04 16:10:22'),
('770e8400-e29b-41d4-a716-446655440005','550e8400-e29b-41d4-a716-446655440003','650e8400-e29b-41d4-a716-446655440018','2026-03-04 16:10:22'),
('770e8400-e29b-41d4-a716-446655440006','550e8400-e29b-41d4-a716-446655440003','650e8400-e29b-41d4-a716-446655440019','2026-03-04 16:10:22'),
('a60e8400-e29b-41d4-a716-446655440001','550e8400-e29b-41d4-a716-446655440001','960e8400-e29b-41d4-a716-446655440001','2026-03-04 16:10:22'),
('a60e8400-e29b-41d4-a716-446655440002','550e8400-e29b-41d4-a716-446655440001','960e8400-e29b-41d4-a716-446655440002','2026-03-04 16:10:22'),
('a60e8400-e29b-41d4-a716-446655440003','550e8400-e29b-41d4-a716-446655440001','960e8400-e29b-41d4-a716-446655440003','2026-03-04 16:10:22'),
('a60e8400-e29b-41d4-a716-446655440004','550e8400-e29b-41d4-a716-446655440001','960e8400-e29b-41d4-a716-446655440004','2026-03-04 16:10:22'),
('a60e8400-e29b-41d4-a716-446655440011','550e8400-e29b-41d4-a716-446655440001','960e8400-e29b-41d4-a716-446655440011','2026-03-04 16:10:22'),
('a60e8400-e29b-41d4-a716-446655440012','550e8400-e29b-41d4-a716-446655440001','960e8400-e29b-41d4-a716-446655440012','2026-03-04 16:10:22'),
('750e8400-e29b-41d4-a716-446655440101','550e8400-e29b-41d4-a716-446655440001','650e8400-e29b-41d4-a716-446655440101','2026-03-04 16:10:22'),
('750e8400-e29b-41d4-a716-446655440102','550e8400-e29b-41d4-a716-446655440001','650e8400-e29b-41d4-a716-446655440102','2026-03-04 16:10:22'),
('750e8400-e29b-41d4-a716-446655440103','550e8400-e29b-41d4-a716-446655440001','650e8400-e29b-41d4-a716-446655440103','2026-03-04 16:10:22'),
('750e8400-e29b-41d4-a716-446655440104','550e8400-e29b-41d4-a716-446655440001','650e8400-e29b-41d4-a716-446655440104','2026-03-04 16:10:22'),
('750e8400-e29b-41d4-a716-446655440105','550e8400-e29b-41d4-a716-446655440001','650e8400-e29b-41d4-a716-446655440105','2026-03-04 16:10:22'),
('750e8400-e29b-41d4-a716-446655440106','550e8400-e29b-41d4-a716-446655440001','650e8400-e29b-41d4-a716-446655440106','2026-03-04 16:10:22'),
('750e8400-e29b-41d4-a716-446655440107','550e8400-e29b-41d4-a716-446655440001','650e8400-e29b-41d4-a716-446655440107','2026-03-04 16:10:22'),
('750e8400-e29b-41d4-a716-446655440108','550e8400-e29b-41d4-a716-446655440001','650e8400-e29b-41d4-a716-446655440108','2026-03-04 16:10:22'),
('750e8400-e29b-41d4-a716-446655440109','550e8400-e29b-41d4-a716-446655440001','650e8400-e29b-41d4-a716-446655440109','2026-03-04 16:10:22'),
('750e8400-e29b-41d4-a716-446655440110','550e8400-e29b-41d4-a716-446655440001','650e8400-e29b-41d4-a716-446655440110','2026-03-04 16:10:22'),
('750e8400-e29b-41d4-a716-446655440126','550e8400-e29b-41d4-a716-446655440001','650e8400-e29b-41d4-a716-446655440126','2026-03-04 16:10:22'),
('750e8400-e29b-41d4-a716-446655440125','550e8400-e29b-41d4-a716-446655440001','650e8400-e29b-41d4-a716-446655440125','2026-03-04 16:10:22'),
('750e8400-e29b-41d4-a716-446655440124','550e8400-e29b-41d4-a716-446655440001','650e8400-e29b-41d4-a716-446655440124','2026-03-04 16:10:22'),
('750e8400-e29b-41d4-a716-446655440117','550e8400-e29b-41d4-a716-446655440001','650e8400-e29b-41d4-a716-446655440117','2026-03-04 16:10:23'),
('750e8400-e29b-41d4-a716-446655440119','550e8400-e29b-41d4-a716-446655440001','650e8400-e29b-41d4-a716-446655440119','2026-03-04 16:10:23'),
('750e8400-e29b-41d4-a716-446655440118','550e8400-e29b-41d4-a716-446655440001','650e8400-e29b-41d4-a716-446655440118','2026-03-04 16:10:23'),
('750e8400-e29b-41d4-a716-446655440116','550e8400-e29b-41d4-a716-446655440001','650e8400-e29b-41d4-a716-446655440116','2026-03-04 16:10:23'),
('770e8400-e29b-41d4-a716-446655440050','550e8400-e29b-41d4-a716-446655440001','650e8400-e29b-41d4-a716-446655440020','2026-03-04 16:10:23'),
('770e8400-e29b-41d4-a716-446655440051','550e8400-e29b-41d4-a716-446655440001','650e8400-e29b-41d4-a716-446655440021','2026-03-04 16:10:23'),
('770e8400-e29b-41d4-a716-446655440052','550e8400-e29b-41d4-a716-446655440002','650e8400-e29b-41d4-a716-446655440020','2026-03-04 16:10:23'),
('770e8400-e29b-41d4-a716-446655440053','550e8400-e29b-41d4-a716-446655440002','650e8400-e29b-41d4-a716-446655440021','2026-03-04 16:10:23'),
('770e8400-e29b-41d4-a716-446655440054','550e8400-e29b-41d4-a716-446655440003','650e8400-e29b-41d4-a716-446655440020','2026-03-04 16:10:23'),
('770e8400-e29b-41d4-a716-446655440055','550e8400-e29b-41d4-a716-446655440003','650e8400-e29b-41d4-a716-446655440021','2026-03-04 16:10:23'),
('750e8400-e29b-41d4-a716-446655440130','550e8400-e29b-41d4-a716-446655440001','650e8400-e29b-41d4-a716-446655440130','2026-03-04 16:10:23'),
('750e8400-e29b-41d4-a716-446655440129','550e8400-e29b-41d4-a716-446655440001','650e8400-e29b-41d4-a716-446655440129','2026-03-04 16:10:23'),
('750e8400-e29b-41d4-a716-446655440128','550e8400-e29b-41d4-a716-446655440001','650e8400-e29b-41d4-a716-446655440128','2026-03-04 16:10:23'),
('750e8400-e29b-41d4-a716-446655440127','550e8400-e29b-41d4-a716-446655440001','650e8400-e29b-41d4-a716-446655440127','2026-03-04 16:10:23'),
('750e8400-e29b-41d4-a716-446655440132','550e8400-e29b-41d4-a716-446655440001','650e8400-e29b-41d4-a716-446655440132','2026-03-04 16:10:23'),
('750e8400-e29b-41d4-a716-446655440133','550e8400-e29b-41d4-a716-446655440001','650e8400-e29b-41d4-a716-446655440133','2026-03-04 16:10:23'),
('750e8400-e29b-41d4-a716-446655440131','550e8400-e29b-41d4-a716-446655440001','650e8400-e29b-41d4-a716-446655440131','2026-03-04 16:10:23'),
('750e8400-e29b-41d4-a716-446655440121','550e8400-e29b-41d4-a716-446655440001','650e8400-e29b-41d4-a716-446655440121','2026-03-04 16:10:23'),
('750e8400-e29b-41d4-a716-446655440123','550e8400-e29b-41d4-a716-446655440001','650e8400-e29b-41d4-a716-446655440123','2026-03-04 16:10:23'),
('750e8400-e29b-41d4-a716-446655440122','550e8400-e29b-41d4-a716-446655440001','650e8400-e29b-41d4-a716-446655440122','2026-03-04 16:10:23'),
('750e8400-e29b-41d4-a716-446655440120','550e8400-e29b-41d4-a716-446655440001','650e8400-e29b-41d4-a716-446655440120','2026-03-04 16:10:23'),
('750e8400-e29b-41d4-a716-446655440114','550e8400-e29b-41d4-a716-446655440001','650e8400-e29b-41d4-a716-446655440114','2026-03-04 16:10:23'),
('750e8400-e29b-41d4-a716-446655440115','550e8400-e29b-41d4-a716-446655440001','650e8400-e29b-41d4-a716-446655440115','2026-03-04 16:10:23'),
('750e8400-e29b-41d4-a716-446655440113','550e8400-e29b-41d4-a716-446655440001','650e8400-e29b-41d4-a716-446655440113','2026-03-04 16:10:23'),
('af4695f7-6cab-4aa4-84d9-7b98a17d6cdd','550e8400-e29b-41d4-a716-446655440002','650e8400-e29b-41d4-a716-446655440124','2026-03-04 18:24:57'),
('50f7ce8e509a1c100cec84b54886f84f','550e8400-e29b-41d4-a716-446655440001','650e8400-e29b-41d4-a716-446655440001','2026-03-08 19:39:39'),
('11307cbc0e89dcd0b56e8783ff8e2a46','550e8400-e29b-41d4-a716-446655440001','650e8400-e29b-41d4-a716-446655440002','2026-03-08 19:39:39'),
('24c92a7c7d2054d5a25e89c85b4ae5f4','550e8400-e29b-41d4-a716-446655440001','650e8400-e29b-41d4-a716-446655440003','2026-03-08 19:39:39'),
('47ab58cc3878e9d5cad515c6359bda60','550e8400-e29b-41d4-a716-446655440001','650e8400-e29b-41d4-a716-446655440004','2026-03-08 19:39:39'),
('750e8400-e29b-41d4-a716-446655440001','550e8400-e29b-41d4-a716-446655440002','650e8400-e29b-41d4-a716-446655440001','2026-03-08 19:39:39'),
('750e8400-e29b-41d4-a716-446655440002','550e8400-e29b-41d4-a716-446655440002','650e8400-e29b-41d4-a716-446655440002','2026-03-08 19:39:39'),
('750e8400-e29b-41d4-a716-446655440003','550e8400-e29b-41d4-a716-446655440002','650e8400-e29b-41d4-a716-446655440003','2026-03-08 19:39:39'),
('750e8400-e29b-41d4-a716-446655440004','550e8400-e29b-41d4-a716-446655440002','650e8400-e29b-41d4-a716-446655440004','2026-03-08 19:39:39'),
('750e8400-e29b-41d4-a716-446655440006','550e8400-e29b-41d4-a716-446655440002','650e8400-e29b-41d4-a716-446655440006','2026-03-08 19:39:39'),
('850e8400-e29b-41d4-a716-446655440001','550e8400-e29b-41d4-a716-446655440003','650e8400-e29b-41d4-a716-446655440004','2026-03-08 19:39:39'),
('b18d1204-57aa-4b92-8dfe-9d9c795ee41b','550e8400-e29b-41d4-a716-446655440002','650e8400-e29b-41d4-a716-446655440129','2026-03-11 05:19:25'),
('77024b6c-3c17-4f49-bff9-8fe5c447f13c','550e8400-e29b-41d4-a716-446655440002','650e8400-e29b-41d4-a716-446655440130','2026-03-11 05:19:25'),
('5c09a62f-f688-4e4d-a38c-bae38dfa80cc','550e8400-e29b-41d4-a716-446655440002','650e8400-e29b-41d4-a716-446655440125','2026-03-11 05:19:25'),
('6f799d0e-2b73-4c20-8ec0-2d38eb60de9b','550e8400-e29b-41d4-a716-446655440002','650e8400-e29b-41d4-a716-446655440126','2026-03-11 05:19:25'),
('94de4875-f9ac-4aad-b514-f4c82e7232cd','550e8400-e29b-41d4-a716-446655440002','650e8400-e29b-41d4-a716-446655440127','2026-03-11 05:19:25'),
('e846b799-4095-4c9e-bfca-049b4fc4b877','550e8400-e29b-41d4-a716-446655440002','650e8400-e29b-41d4-a716-446655440128','2026-03-11 05:19:25'),
('c2c4a557-e58b-4934-b11f-2877e6a9d6f6','550e8400-e29b-41d4-a716-446655440002','960e8400-e29b-41d4-a716-446655440001','2026-03-11 05:19:25'),
('342b24f7-c7a0-461b-9b41-4e9c54101f01','550e8400-e29b-41d4-a716-446655440002','960e8400-e29b-41d4-a716-446655440002','2026-03-11 05:19:25'),
('00a29abf-4a75-4343-af54-ec20de9e67c4','550e8400-e29b-41d4-a716-446655440002','960e8400-e29b-41d4-a716-446655440003','2026-03-11 05:19:25'),
('82491959-0fde-43bd-8610-63bed4244cca','550e8400-e29b-41d4-a716-446655440002','960e8400-e29b-41d4-a716-446655440004','2026-03-11 05:19:25'),
('3e64547b-1057-407d-823f-392f74a0e78b','550e8400-e29b-41d4-a716-446655440002','650e8400-e29b-41d4-a716-446655440101','2026-03-11 05:19:25'),
('486b5e84-ffaf-4ccd-a5a9-fbde4c298f64','550e8400-e29b-41d4-a716-446655440002','650e8400-e29b-41d4-a716-446655440102','2026-03-11 05:19:25'),
('c2dc4555-d325-432f-b43a-3839cd6cbe83','550e8400-e29b-41d4-a716-446655440002','650e8400-e29b-41d4-a716-446655440103','2026-03-11 05:19:25'),
('d92e9d0c-427e-48ed-b54b-c1cad0706337','550e8400-e29b-41d4-a716-446655440002','650e8400-e29b-41d4-a716-446655440104','2026-03-11 05:19:25'),
('6dd57ce2-4c06-4f37-8d3f-751994529d5b','550e8400-e29b-41d4-a716-446655440002','650e8400-e29b-41d4-a716-446655440105','2026-03-11 05:19:25'),
('36b5a5d5-738f-4e59-b2b6-1d2bb06829d9','550e8400-e29b-41d4-a716-446655440002','650e8400-e29b-41d4-a716-446655440107','2026-03-11 05:19:25'),
('394bfc17-90bf-4d2f-ae66-6d371e4ba5cb','550e8400-e29b-41d4-a716-446655440002','650e8400-e29b-41d4-a716-446655440109','2026-03-11 05:19:25'),
('a1590d90-e93e-448e-bc05-18a582441d87','550e8400-e29b-41d4-a716-446655440002','650e8400-e29b-41d4-a716-446655440108','2026-03-11 05:19:25'),
('2b16d6ed-1eda-4b93-b88b-f3aed6ea1b5f','550e8400-e29b-41d4-a716-446655440002','650e8400-e29b-41d4-a716-446655440110','2026-03-11 05:19:25'),
('41a17032-3971-4c1b-a955-12b205a58b65','550e8400-e29b-41d4-a716-446655440002','650e8400-e29b-41d4-a716-446655440106','2026-03-11 05:19:25'),
('78e96fbe-7212-4c4f-8ead-1df4cf2de935','550e8400-e29b-41d4-a716-446655440002','650e8400-e29b-41d4-a716-446655440113','2026-03-11 05:19:25'),
('b587608b-f80b-4ba4-9093-3fbbbb1a0d1e','550e8400-e29b-41d4-a716-446655440002','650e8400-e29b-41d4-a716-446655440114','2026-03-11 05:19:25'),
('9948545b-b86b-4759-9981-cd98cc68ce5f','550e8400-e29b-41d4-a716-446655440002','650e8400-e29b-41d4-a716-446655440115','2026-03-11 05:19:25'),
('94c5c70b-d19c-4f85-9197-d2cb1ddf62c8','550e8400-e29b-41d4-a716-446655440002','650e8400-e29b-41d4-a716-446655440116','2026-03-11 05:19:25'),
('f6c76ad1-b986-47cb-9cdc-3236562759ff','550e8400-e29b-41d4-a716-446655440002','650e8400-e29b-41d4-a716-446655440117','2026-03-11 05:19:25'),
('e552ecd8-af07-4c21-8a2e-d57f108b4406','550e8400-e29b-41d4-a716-446655440002','650e8400-e29b-41d4-a716-446655440118','2026-03-11 05:19:25'),
('8b57fbfd-c7c3-46f6-b482-545fcc14fb5a','550e8400-e29b-41d4-a716-446655440002','960e8400-e29b-41d4-a716-446655440011','2026-03-11 05:19:25'), 
('89a40aa8-877a-4ee0-816d-01532f3256bd','550e8400-e29b-41d4-a716-446655440002','650e8400-e29b-41d4-a716-446655440120','2026-03-11 05:19:25'),
('43b3d095-fc45-4879-9879-93908b32d5a5','550e8400-e29b-41d4-a716-446655440002','650e8400-e29b-41d4-a716-446655440121','2026-03-11 05:19:25'),
('35c12795-874c-460a-96c8-58a9f9917dbc','550e8400-e29b-41d4-a716-446655440002','650e8400-e29b-41d4-a716-446655440122','2026-03-11 05:19:25'),
('072ada56-b8f7-4a5a-8beb-57a5bf59504a','550e8400-e29b-41d4-a716-446655440002','650e8400-e29b-41d4-a716-446655440099','2026-03-11 05:19:25'),
('b160ea9f-41db-4ea3-a5a4-1d5794d79998','550e8400-e29b-41d4-a716-446655440002','650e8400-e29b-41d4-a716-446655440131','2026-03-11 05:19:25'),
('14ed2c8c-5951-4756-99fc-6050d8c9d824','550e8400-e29b-41d4-a716-446655440002','650e8400-e29b-41d4-a716-446655440132','2026-03-11 05:19:25'),
('e0e597ec-1027-420a-9d1c-5243cbe1be04','550e8400-e29b-41d4-a716-446655440002','650e8400-e29b-41d4-a716-446655440133','2026-03-11 05:19:25'),
('b6af5650-df7f-445f-bab9-84c7aa69260e','550e8400-e29b-41d4-a716-446655440002','650e8400-e29b-41d4-a716-446655440014','2026-03-11 05:19:25'),
('e61cedd1-2a9f-4ef7-a53e-f8d4d39b00ac','550e8400-e29b-41d4-a716-446655440002','650e8400-e29b-41d4-a716-446655440015','2026-03-11 05:19:25'),
('151cc400-c49d-444d-8f9c-56ef483b7192','550e8400-e29b-41d4-a716-446655440002','650e8400-e29b-41d4-a716-446655440016','2026-03-11 05:19:25'),
('bc517613-4f13-45fd-b223-d28b0511feb6','550e8400-e29b-41d4-a716-446655440002','650e8400-e29b-41d4-a716-446655440017','2026-03-11 05:19:25'),
('e655e7bc-e739-4840-9651-605c4baa1cb2','550e8400-e29b-41d4-a716-446655440003','650e8400-e29b-41d4-a716-446655440006','2026-03-11 05:19:25'),
('b9e3c384-a0ed-465f-b96f-5d75c4f7b69b','550e8400-e29b-41d4-a716-446655440003','650e8400-e29b-41d4-a716-446655440007','2026-03-11 05:19:25'),
('c931181a-8e32-4623-b25a-dea96e227aa3','550e8400-e29b-41d4-a716-446655440003','650e8400-e29b-41d4-a716-446655440099','2026-03-11 05:19:25'),
('bfd9093c-7070-4007-83a2-62d1ded1917a','550e8400-e29b-41d4-a716-446655440003','650e8400-e29b-41d4-a716-446655440116','2026-03-11 05:19:25'),
('32e6538b-0ea7-4b95-b220-100a0131ff47','550e8400-e29b-41d4-a716-446655440003','650e8400-e29b-41d4-a716-446655440117','2026-03-11 05:19:25'),
('d0154550-58c7-488a-9c62-1de05a017dfd','550e8400-e29b-41d4-a716-446655440003','650e8400-e29b-41d4-a716-446655440118','2026-03-11 05:19:25'),
('554966cb-84d2-48d7-89ac-436b1c37976c','550e8400-e29b-41d4-a716-446655440003','650e8400-e29b-41d4-a716-446655440113','2026-03-11 05:19:25'),
('e7137b42-bbdb-40a0-8534-8e016a07d247','550e8400-e29b-41d4-a716-446655440003','650e8400-e29b-41d4-a716-446655440114','2026-03-11 05:19:25'),
('3bfade40-b38b-4ec0-ae5d-273b4dd63604','550e8400-e29b-41d4-a716-446655440003','650e8400-e29b-41d4-a716-446655440115','2026-03-11 05:19:25'),
('3ea0eb8c-e632-4c3e-8423-4e9df1751df2','550e8400-e29b-41d4-a716-446655440003','650e8400-e29b-41d4-a716-446655440110','2026-03-11 05:19:25'),
('168cfa7f-1148-4a5e-9804-ad5add566a11','550e8400-e29b-41d4-a716-446655440003','650e8400-e29b-41d4-a716-446655440109','2026-03-11 05:19:25'),
('ced04a74-7204-4b7e-8775-dbf9c312f6e7','550e8400-e29b-41d4-a716-446655440003','650e8400-e29b-41d4-a716-446655440108','2026-03-11 05:19:25'),
('f83fe061-f7ce-4014-88ab-94396e3545d1','550e8400-e29b-41d4-a716-446655440003','650e8400-e29b-41d4-a716-446655440107','2026-03-11 05:19:25'),
('a4fa5faa-b299-41ea-bf6c-dfdab9684d97','550e8400-e29b-41d4-a716-446655440003','650e8400-e29b-41d4-a716-446655440003','2026-03-11 05:19:25'),
('3cb809a7-4f14-452e-b412-64f784d00dba','550e8400-e29b-41d4-a716-446655440003','650e8400-e29b-41d4-a716-446655440002','2026-03-11 05:19:25'),
('f49eebf2-5f00-4458-afb7-810a08a856d7','550e8400-e29b-41d4-a716-446655440003','650e8400-e29b-41d4-a716-446655440001','2026-03-11 05:19:25'),
('2bd0a08f-fd6e-4c90-8c92-01ff5024523c','550e8400-e29b-41d4-a716-446655440003','650e8400-e29b-41d4-a716-446655440105','2026-03-11 05:19:25'),
('777711c6-a305-44d6-8695-7a80a25c0178','550e8400-e29b-41d4-a716-446655440003','650e8400-e29b-41d4-a716-446655440104','2026-03-11 05:19:25'),
('d55d47c5-3234-40b0-82d2-bc3c3577bd82','550e8400-e29b-41d4-a716-446655440003','650e8400-e29b-41d4-a716-446655440103','2026-03-11 05:19:25'),
('68b6bf97-0c5c-4cb7-8980-5e822c968a75','550e8400-e29b-41d4-a716-446655440003','650e8400-e29b-41d4-a716-446655440101','2026-03-11 05:19:25'),
('b8b9304e-c56a-4f91-8df9-79b904d3efa1','550e8400-e29b-41d4-a716-446655440003','650e8400-e29b-41d4-a716-446655440102','2026-03-11 05:19:25'),
('b37f5b98-7ebf-483b-b92a-defe2331dc3d','550e8400-e29b-41d4-a716-446655440003','650e8400-e29b-41d4-a716-446655440127','2026-03-11 05:19:25'),
('37c66790-7305-4e68-9757-2f52329ffb7f','550e8400-e29b-41d4-a716-446655440003','650e8400-e29b-41d4-a716-446655440124','2026-03-11 05:19:25'),
('db4a5ad0-7dfe-4dd4-916f-88e265d4994f','550e8400-e29b-41d4-a716-446655440003','650e8400-e29b-41d4-a716-446655440125','2026-03-11 05:19:25'),
('e12a6633-60d3-438d-a449-aca6adca0c2d','550e8400-e29b-41d4-a716-446655440003','650e8400-e29b-41d4-a716-446655440126','2026-03-11 05:19:25'),
('71456344-1039-446b-bbe3-5f5fc52e43a7','550e8400-e29b-41d4-a716-446655440003','960e8400-e29b-41d4-a716-446655440003','2026-03-11 05:19:25'),
('bf7e4c2a-918b-437a-89d8-7fc8ae699016','550e8400-e29b-41d4-a716-446655440003','960e8400-e29b-41d4-a716-446655440002','2026-03-11 05:19:25'),
('ada58427-608a-445a-a97f-c833ed61773b','550e8400-e29b-41d4-a716-446655440003','960e8400-e29b-41d4-a716-446655440001','2026-03-11 05:19:25'),
('750e8400-e29b-41d5-a716-446655440128','550e8400-e29b-41d4-a716-446655440001','650e8400-e29b-41d5-a716-446655440128','2026-03-04 16:10:23'),
('750e8400-e29b-41d5-a716-446655440129','550e8400-e29b-41d4-a716-446655440001','650e8400-e29b-41d5-a716-446655440129','2026-03-04 16:10:23'),
('f1abf31e-d021-457a-a9e6-7dafa4f7c3bf','550e8400-e29b-41d4-a716-446655440002','650e8400-e29b-41d5-a716-446655440128','2026-03-11 05:29:34'),
('856cdb20-56e0-4326-b5ea-5c5f6c610b80','550e8400-e29b-41d4-a716-446655440003','650e8400-e29b-41d5-a716-446655440128','2026-03-11 05:29:34');
